{"FacebookMessenger":false,"FacebookPageToken":"","FacebookSecurityToken":"","Flows":[{"Action":"","AfterInsert":false,"Cardinality":"Low","Commands":[],"CompositeFlows":[],"Confirmation":false,"Fields":null,"GeneralMessages":[],"KBObjectKey":null,"Name":"Greetings","Pattern":"form","RedirectTo":"","Triggers":["Hi","Hello"],"View":{"Attributes":null,"Name":"response","Templates":[{"ComponentType":"Component","Condition":"","Format":["Hello! Welcome to your very own chatbot!"],"RedirectTo":"","SdComponent":null,"Style":"text message","WebComponent":null}]}},{"Action":"","AfterInsert":false,"Cardinality":"Low","Commands":[],"CompositeFlows":[],"Confirmation":false,"Fields":{"Attributes":[],"Variables":[{"AskAgain":false,"CleanInContext":false,"Conditions":[],"DataType":"VARCHAR","Description":"UserName","Entity":"VARCHAR","ErrorMessages":[],"IsCollection":false,"IsFilterable":true,"IsOrderable":true,"IsRequired":true,"QuickRepliesAllow":true,"RequiredMessages":["Hi...who are you?","Wait a minute...tell me your name :)"],"TryLimit":2,"Variable":"UserName"}]},"GeneralMessages":[],"KBObjectKey":null,"Name":"Hello World","Pattern":"form","RedirectTo":"","Triggers":["Hello world","Hi chatbot","Hey there!","Chatbot","Are you there?"],"View":{"Attributes":null,"Name":"response","Templates":[{"ComponentType":"Component","Condition":"","Format":["Nice to meet you &UserName, welcome to the GeneXus Chatbots Generator, you can see all the documentation on this page: https:\/\/wiki.genexus.com\/commwiki\/servlet\/wiki?37076,HowTo%3A%20Create%20a%20chatbot%20using%20GeneXus,.aspx"],"RedirectTo":"","SdComponent":null,"Style":"text message","WebComponent":null},{"ComponentType":"Component","Condition":"","Format":["GRACIASMUCHASGRACIAS  &UserName, welcome to the GeneXus Chatbots Generator, you can see all the documentation on this page: https:\/\/wiki.genexus.com\/commwiki\/servlet\/wiki?37076,HowTo%3A%20Create%20a%20chatbot%20using%20GeneXus,.aspx"],"RedirectTo":"","SdComponent":null,"Style":"text message","WebComponent":null}]}}],"Name":"CHATBOOT","NotUnderstoodMessages":["I'm sorry, I don't understand '&GXUserInput' yet :("],"NotUnderstoodRedirection":"","Personality":"<Formal>","SdGenerationUI":false,"WebGenerationUI":true}