{
	"name": "CHATBOOTChatbot",
	"created": "2020-06-28T17:02:34Z",
	"intents": [ {
		"intent": "Greetings",
		"created": "2020-06-28T17:02:34Z",
		"updated": "2020-06-28T17:02:34Z",
		"examples": [ {
			"text": "Hi",
			"created": "2020-06-28T17:02:34Z",
			"updated": "2020-06-28T17:02:34Z"
		}

,{
			"text": "Hello",
			"created": "2020-06-28T17:02:34Z",
			"updated": "2020-06-28T17:02:34Z"
		}
 ],
		"description": "Greetings"
	}

,{
		"intent": "HelloWorld",
		"created": "2020-06-28T17:02:34Z",
		"updated": "2020-06-28T17:02:34Z",
		"examples": [ {
			"text": "Hello world",
			"created": "2020-06-28T17:02:34Z",
			"updated": "2020-06-28T17:02:34Z"
		}

,{
			"text": "Hi chatbot",
			"created": "2020-06-28T17:02:34Z",
			"updated": "2020-06-28T17:02:34Z"
		}

,{
			"text": "Hey there!",
			"created": "2020-06-28T17:02:34Z",
			"updated": "2020-06-28T17:02:34Z"
		}

,{
			"text": "Chatbot",
			"created": "2020-06-28T17:02:34Z",
			"updated": "2020-06-28T17:02:34Z"
		}

,{
			"text": "Are you there?",
			"created": "2020-06-28T17:02:34Z",
			"updated": "2020-06-28T17:02:34Z"
		}
 ],
		"description": "HelloWorld"
	}
 ],
	"entities": [  ],
	"metadata": null,
	"description": "CHATBOOTChatbot",
	"dialog_nodes": [
	{
		"go_to": {
			"return": null,
			"selector": "body",
			"dialog_node": "Greetings0Text_ready"
		},
		"output": null,
		"parent": null,
		"context": {
			"GXUserInput": "<?input.text?>",
			"GXAction": "NoAction",
			"GXComponentWeb": "",
			"GXComponentSD": "",
			"GXCallPanelSD": ""
		},
		"created": "2020-06-28T17:02:34Z",
		"updated": "2020-06-28T17:02:34Z",
		"metadata": null,
		"conditions": "#Greetings",
		"description": "",
		"dialog_node": "Greetings",
		"previous_sibling": null
	},
	{
		"go_to": null,
		"output": { "text" : {"values":["Hello! Welcome to your very own chatbot!"], "selection_policy": "random"}},
		"parent": "Greetings",
		"context": {
			"GXUserInput": "<?input.text?>",
			"GREETINGS_OK": true,
			"GXAction": ""
		},
		"created": "2020-06-28T17:02:34Z",
		"updated": "2020-06-28T17:02:34Z",
		"metadata": null,
		"conditions": "true",
		"description": "",
		"dialog_node": "Greetings0Text_ready",
		"previous_sibling": null
	},
	{
		"go_to": {
			"return": null,
			"selector": "condition",
			"dialog_node": "HelloWorld_ready"
		},
		"output": null,
		"parent": null,
		"context": {
			"GXUserInput": "<?input.text?>",
			"GXComponentWeb": "",
			"GXComponentSD": "",
			"GXCallPanelSD": ""
		},
		"created": "2020-06-28T17:02:34Z",
		"updated": "2020-06-28T17:02:34Z",
		"metadata": null,
		"conditions": "#HelloWorld",
		"description": "",
		"dialog_node": "HelloWorld",
		"previous_sibling": "Greetings"
	},
	{
		"go_to": null,
		"output": { "text" : {"values":["Hi...who are you?","Wait a minute...tell me your name :)"], "selection_policy": "random"}},
		"parent": "HelloWorld",
		"context": {
			"GXUserInput": "<?input.text?>"
		},
		"created": "2020-06-28T17:02:34Z",
		"updated": "2020-06-28T17:02:34Z",
		"metadata": null,
		"conditions": "!$UserName",
		"description": "HelloWorld UserName",
		"dialog_node": "HelloWorld_UserName",
		"previous_sibling": "HelloWorld_ready"
	},
	{
		"go_to": {
			"return": null,
			"selector": "condition",
			"dialog_node": "HelloWorld_ready"
		},
		"output": null,
		"parent": "HelloWorld_UserName",
		"context": {
			"GXUserInput": "<?input.text?>",
			"GXAction": "",
			"UserName": "<?input.text?>"
		},
		"created": "2020-06-28T17:02:34Z",
		"updated": "2020-06-28T17:02:34Z",
		"metadata": null,
		"conditions": "true",
		"description": "",
		"dialog_node": "HelloWorld_UserName_true",
		"previous_sibling": null
	},
	{
		"go_to": null,
		"output": { "text" : {"values":["Nice to meet you <? context.UserName ?>, welcome to the GeneXus Chatbots Generator, you can see all the documentation on this page: https://wiki.genexus.com/commwiki/servlet/wiki?37076,HowTo%3A%20Create%20a%20chatbot%20using%20GeneXus,.aspx"], "selection_policy": "random"}},
		"parent": "HelloWorld_ready",
		"context": {
			"GXUserInput": "<?input.text?>",
			"HELLOWORLD_OK": true,
			"GXAction": ""
		},
		"created": "2020-06-28T17:02:34Z",
		"updated": "2020-06-28T17:02:34Z",
		"metadata": null,
		"conditions": "true",
		"description": "",
		"dialog_node": "HelloWorld0Text_ready",
		"previous_sibling": null
	},
	{
		"go_to": null,
		"output": { "text" : {"values":["GRACIASMUCHASGRACIAS  <? context.UserName ?>, welcome to the GeneXus Chatbots Generator, you can see all the documentation on this page: https://wiki.genexus.com/commwiki/servlet/wiki?37076,HowTo%3A%20Create%20a%20chatbot%20using%20GeneXus,.aspx"], "selection_policy": "random"}},
		"parent": "HelloWorld_ready",
		"context": {
			"GXUserInput": "<?input.text?>",
			"HELLOWORLD_OK": true,
			"GXAction": ""
		},
		"created": "2020-06-28T17:02:34Z",
		"updated": "2020-06-28T17:02:34Z",
		"metadata": null,
		"conditions": "true",
		"description": "",
		"dialog_node": "HelloWorld1Text_ready",
		"previous_sibling": "HelloWorld0Text_ready"
	},
	{
		"go_to": {
			"return": null,
			"selector": "condition",
			"dialog_node": "HelloWorld0Text_ready"
		},
		"output": null,
		"parent": "HelloWorld",
		"context": {
			"GXUserInput": "<?input.text?>"
		},
		"created": "2020-06-28T17:02:34Z",
		"updated": "2020-06-28T17:02:34Z",
		"metadata": null,
		"conditions": "$UserName",
		"description": "",
		"dialog_node": "HelloWorld_ready",
		"previous_sibling": null
	},
	{
		"go_to": null,
		"output": { "text" : {"values":["I'm sorry, I don't understand '<? input.text ?>' yet :("], "selection_policy": "random"}},
		"parent": null,
		"context": {
				"componentWeb": "",
				"componentSD": "",
				"callPanelSD": ""
			},
		"created": "2020-06-28T17:02:34Z",
		"updated": "2020-06-28T17:02:34Z",
		"metadata": null,
		"conditions": "anything_else",
		"description": null,
		"dialog_node": "anything_else",
		"previous_sibling": "HelloWorld"
	}
	],
	"workspace_id": "c6c11192-34ac-4a23-b603-c09fd4f9f64e",
	"counterexamples": []
}