<?xml version="1.0" encoding="utf-8"?>
<ExportFile>
  <KMW>
    <MajorVersion>4</MajorVersion>
    <MinorVersion>0</MinorVersion>
    <Build>112287</Build>
  </KMW>
  <Source kb="a793e353-95cf-46f7-88a7-bc0a57752f74" username="DESKTOP-39JBLIF\jorge" UNCPath="C:\Models\MIBASE">
    <Version guid="30627a8c-ede8-4687-9625-4e19646938a4" name="MIBASE" />
  </Source>
  <Objects>
 
 
 <Object parent="CHATBOOTChatbot" parentType="c88fffcd-b6f8-0000-8fec-00b5497e2117" parentGuid="56efbed0-f6e7-4002-988d-1a35f2ea30a9" user="DESKTOP-39JBLIF\jorge" versionDate="2017-04-18T14:30:42.0000000Z" lastUpdate="2017-04-05T20:49:42.0000000Z" checksum="f0cf284de2d45ce8ad7fedcb820f71ea" fullyQualifiedName="CHATBOOTChatbot.CHATBOOTChatbotWebUI" guid="cc49a32e-1a8a-4014-a6d0-0337bbdb88d7" name="CHATBOOTChatbotWebUI" type="c9584656-94b6-4ccd-890f-332d11fc2c25" description="CHATBOOTChatbot Web">
     <Part type="d24a58ad-57ba-41b7-9e6e-eaca3543c778">
        <Source><![CDATA[<GxMultiForm rootId="1" version="html:15.0.1;layout:15.0.17"><Form id="1" type="layout"><detail><layout><table controlName="MainTable" tableType="Responsive" /></layout></detail></Form></GxMultiForm>]]></Source>
        <Properties><Property><Name>IsDefault</Name><Value>False</Value></Property></Properties>
      </Part>
      <Part type="9b0a32a3-de6d-4be1-a4dd-1b85d3741534">
        <Properties />
      </Part>
      <Part type="c44bd5ff-f918-415b-98e6-aca44fed84fa"><Source>
<![CDATA[Event Start
	CommonChatbots.PanelChatWeb(Conversational.Watson, !"CHATBOOT")
Endevent]]></Source>
        <Properties><Property><Name>IsDefault</Name><Value>False</Value></Property></Properties>
      </Part>
      <Part type="763f0d8b-d8ac-4db4-8dd4-de8979f2b5b9">
        <Properties />
      </Part>
      <Part type="e4c4ade7-53f0-4a56-bdfd-843735b66f47">
		<Properties><Property><Name>IsDefault</Name><Value>False</Value></Property></Properties>
      </Part>
      <Part type="ad3ca970-19d0-44e1-a7b7-db05556e820c">
        <Help>
          <HelpItem>
            <Language>88313f43-5eb2-0000-0028-e8d9f5bf9588-English</Language>
            <Content />
          </HelpItem>
        </Help>
        <Properties><Property><Name>IsDefault</Name><Value>False</Value></Property></Properties>
      </Part>
      <Part type="babf62c5-0111-49e9-a1c3-cc004d90900a">
        <Properties />
      </Part>
      <Properties><Property><Name>IsMain</Name><Value>True</Value></Property><Property><Name>Name</Name><Value>CHATBOOTChatbotWebUI</Value></Property><Property><Name>IsGeneratedObject</Name><Value>True</Value></Property><Property><Name>IsDefault</Name><Value>False</Value></Property></Properties>
    </Object>
  <Object parent="CHATBOOTChatbot" parentType="c88fffcd-b6f8-0000-8fec-00b5497e2117" parentGuid="56efbed0-f6e7-4002-988d-1a35f2ea30a9" user="DESKTOP-39JBLIF\jorge" versionDate="2017-04-18T14:30:42.0000000Z" lastUpdate="2017-04-07T18:47:03.0000000Z" checksum="a0953ca84b177656a295f524f0ce3a20" fullyQualifiedName="CHATBOOTChatbot.Handler" guid="19411843-ead1-4067-abac-bccd9bb8801b" name="Handler" type="84a12160-f59b-4ad7-a683-ea4481ac23e9" description="Handler">
      <Part type="528d1c06-a9c2-420d-bd35-21dca83f12ff">
        <Source><![CDATA[&ContextProc.FromJson(&sContextProc)
&ContextPrevMsg.FromJson(&sContextPrevMsg)
&Context = &ContextProc
if not &ContextProc.Context.GXAction.IsEmpty()
else
	&Context = &ContextProc
endif
&sContext = &Context.ToJson()
]]></Source>
        <Properties><Property><Name>IsDefault</Name><Value>False</Value></Property></Properties>
      </Part>
      <Part type="c414ed00-8cc4-4f44-8820-4baf93547173">
        <Properties />
      </Part>
      <Part type="9b0a32a3-de6d-4be1-a4dd-1b85d3741534">
        <Source><![CDATA[parm(in:&sContextProc, in:&sContextPrevMsg, out:&sContext);
]]></Source>
        <Properties><Property><Name>IsDefault</Name><Value>False</Value></Property></Properties>
      </Part>
      <Part type="763f0d8b-d8ac-4db4-8dd4-de8979f2b5b9">
        <Properties />
      </Part>
      <Part type="e4c4ade7-53f0-4a56-bdfd-843735b66f47">
        <Variable Name="ContextPrevMsg">
          <Documentation />
          <Properties><Property><Name>Name</Name><Value>ContextPrevMsg</Value></Property><Property><Name>ATTCUSTOMTYPE</Name><Value>sdt:Context, CHATBOOTChatbot</Value></Property></Properties>
        </Variable>
        <Variable Name="ContextProc">
          <Documentation />
          <Properties><Property><Name>Name</Name><Value>ContextProc</Value></Property><Property><Name>ATTCUSTOMTYPE</Name><Value>sdt:Context, CHATBOOTChatbot</Value></Property></Properties>
        </Variable>
        <Variable Name="Context">
          <Documentation />
          <Properties><Property><Name>Name</Name><Value>Context</Value></Property><Property><Name>ATTCUSTOMTYPE</Name><Value>sdt:Context, CHATBOOTChatbot</Value></Property></Properties>
        </Variable>
		<Variable Name="sContext">
          <Documentation />
          <Properties><Property><Name>Name</Name><Value>sContext</Value></Property><Property><Name>ATTCUSTOMTYPE</Name><Value>bas:LongVarChar</Value></Property></Properties>
        </Variable>
        <Variable Name="sContextPrevMsg">
          <Documentation />
          <Properties><Property><Name>Name</Name><Value>sContextPrevMsg</Value></Property><Property><Name>ATTCUSTOMTYPE</Name><Value>bas:LongVarChar</Value></Property></Properties>
        </Variable>
        <Variable Name="sContextProc">
          <Documentation />
          <Properties><Property><Name>Name</Name><Value>sContextProc</Value></Property><Property><Name>ATTCUSTOMTYPE</Name><Value>bas:LongVarChar</Value></Property></Properties>
        </Variable>
        <Properties><Property><Name>IsDefault</Name><Value>False</Value></Property></Properties>
      </Part>
      <Part type="ad3ca970-19d0-44e1-a7b7-db05556e820c">
        <Help>
          <HelpItem>
            <Language>88313f43-5eb2-0000-0028-e8d9f5bf9588-English</Language>
            <Content />
          </HelpItem>
        </Help>
        <Properties><Property><Name>IsDefault</Name><Value>False</Value></Property></Properties>
      </Part>
      <Part type="babf62c5-0111-49e9-a1c3-cc004d90900a">
        <Properties />
      </Part>
      <Properties><Property><Name>Name</Name><Value>Handler</Value></Property><Property><Name>IsGeneratedObject</Name><Value>True</Value></Property><Property><Name>idISPRCWEBSERVICE</Name><Value>True</Value></Property><Property><Name>IsDefault</Name><Value>False</Value></Property></Properties>
    </Object>
<Object parent="CHATBOOTChatbot" parentType="c88fffcd-b6f8-0000-8fec-00b5497e2117" parentGuid="56efbed0-f6e7-4002-988d-1a35f2ea30a9" user="DESKTOP-39JBLIF\jorge" versionDate="2017-04-18T14:30:42.0000000Z" lastUpdate="2017-04-06T14:20:54.0000000Z" checksum="4d8876fac127ac9fd1deebe3ee16cccc" fullyQualifiedName="Context" guid="39adbce7-c17b-49a5-b6c2-66d367b47935" name="Context" type="447527b5-9210-4523-898b-5dccb17be60a" description="">
      <Part type="5c2aa9da-8fc4-4b6b-ae02-8db4fa48976a">
        <Level Name="Context">
          <LevelInfo guid="717d7c37-afde-4c0e-a2e8-27eae15509f6" name="Context" type="a76e9340-bdb9-445d-8f81-cfd4ddd0b0f3" description="Context" user="DESKTOP-39JBLIF\jorge">
            <Properties><Property><Name>Name</Name><Value>Context</Value></Property></Properties>:varcha
          </LevelInfo>
          <Level Name="Context">
            <LevelInfo guid="ceecc933-cd17-40a9-9542-d9f0b3f86b90" name="Context" type="a76e9340-bdb9-445d-8f81-cfd4ddd0b0f3" description="Context" user="DESKTOP-39JBLIF\jorge">
              <Properties><Property><Name>Name</Name><Value>Context</Value></Property><Property><Name>AttCollection</Name><Value>False</Value></Property></Properties>
            </LevelInfo>
            <Item guid="fd54b3eb-d01f-44ba-8773-1bc149dd9f98" name="conversation_id" type="f76e9340-bdb9-445d-8f81-cfd4ddd0b0f3" description="conversation_id" user="DESKTOP-39JBLIF\jorge">
              <Properties><Property><Name>Name</Name><Value>conversation_id</Value></Property><Property><Name>ATTCUSTOMTYPE</Name><Value>bas:LONGVARCHAR</Value></Property><Property><Name>AttCollection</Name><Value>False</Value></Property></Properties>
            </Item>   
			<Item guid="fe27092d-a420-434c-b33a-ef42e9638b68" name="GXOutput" type="f76e9340-bdb9-445d-8f81-cfd4ddd0b0f3" description="GX Output" user="DESKTOP-39JBLIF\jorge">
              <Properties><Property><Name>Name</Name><Value>GXOutput</Value></Property><Property><Name>ATTCUSTOMTYPE</Name><Value>bas:LONGVARCHAR</Value></Property><Property><Name>AttCollection</Name><Value>False</Value></Property></Properties>
            </Item>    
			<Item guid="130f9e92-f34c-4ae9-8fc5-63b6ac6e1d4f" name="GXInput" type="f76e9340-bdb9-445d-8f81-cfd4ddd0b0f3" description="GX Input" user="DESKTOP-39JBLIF\jorge">
              <Properties><Property><Name>Name</Name><Value>GXInput</Value></Property><Property><Name>ATTCUSTOMTYPE</Name><Value>bas:LONGVARCHAR</Value></Property><Property><Name>AttCollection</Name><Value>False</Value></Property></Properties>
            </Item>     
			<Item guid="390f8d1e-0937-4c46-818b-9bf756516f51" name="GXResponseImage" type="f76e9340-bdb9-445d-8f81-cfd4ddd0b0f3" description="GX Response Image" user="ARTECH\dscaffo">
              <Properties><Property><Name>Name</Name><Value>GXResponseImage</Value></Property><Property><Name>ATTCUSTOMTYPE</Name><Value>bas:Image</Value></Property></Properties>
            </Item>
            <Item guid="349ae036-8e60-454f-ac11-91e912bd0ecd" name="GXSetImageResponse" type="f76e9340-bdb9-445d-8f81-cfd4ddd0b0f3" description="GX Set Image Response" user="ARTECH\dscaffo">
              <Properties><Property><Name>Name</Name><Value>GXSetImageResponse</Value></Property><Property><Name>ATTCUSTOMTYPE</Name><Value>bas:Boolean</Value></Property></Properties>
            </Item>
			<Item guid="3b88c5c5-bbee-46e2-8ddb-e038d7e2340d" name="GXClean" type="f76e9340-bdb9-445d-8f81-cfd4ddd0b0f3" description="GX Clean" user="ARTECH\dscaffo">
              <Properties><Property><Name>Name</Name><Value>GXClean</Value></Property><Property><Name>ATTCUSTOMTYPE</Name><Value>bas:Boolean</Value></Property></Properties>
            </Item>
			<Item guid="5d8e1b91-2d4a-4e1b-beee-1bdec52a79e2" name="GXRedirect" type="f76e9340-bdb9-445d-8f81-cfd4ddd0b0f3" description="GX Redirect" user="DESKTOP-39JBLIF\jorge">
              <Properties><Property><Name>Name</Name><Value>GXRedirect</Value></Property><Property><Name>idBasedOn</Name><Value>Domain:Component, GeneXus</Value></Property></Properties>
            </Item>
			<Item guid="7608219a-1a75-4490-a367-3641b342300e" name="GXImage" type="f76e9340-bdb9-445d-8f81-cfd4ddd0b0f3" description="GXImage" user="">
			  <Properties><Property><Name>Name</Name><Value>GXImage</Value></Property><Property><Name>ATTCUSTOMTYPE</Name><Value>bas:Image</Value></Property><Property><Name>AttCollection</Name><Value>False</Value></Property></Properties>
			</Item>
			<Item guid="372ee62d-5945-4e38-a96c-d67dff6d8a83" name="GXAction" type="f76e9340-bdb9-445d-8f81-cfd4ddd0b0f3" description="GXAction" user="">
			  <Properties><Property><Name>Name</Name><Value>GXAction</Value></Property><Property><Name>ATTCUSTOMTYPE</Name><Value>bas:VARCHAR</Value></Property><Property><Name>AttCollection</Name><Value>False</Value></Property></Properties>
			</Item>
			<Item guid="dff641f1-4e55-4841-91e9-cc4d5d88a417" name="UserName" type="f76e9340-bdb9-445d-8f81-cfd4ddd0b0f3" description="UserName" user="">
			  <Properties><Property><Name>Name</Name><Value>UserName</Value></Property><Property><Name>ATTCUSTOMTYPE</Name><Value>bas:VARCHAR</Value></Property><Property><Name>AttCollection</Name><Value>False</Value></Property></Properties>
			</Item>
			<Item guid="a751be93-88d2-4737-9cea-99f941b03da8" name="GXUserInput" type="f76e9340-bdb9-445d-8f81-cfd4ddd0b0f3" description="GXUserInput" user="">
			  <Properties><Property><Name>Name</Name><Value>GXUserInput</Value></Property><Property><Name>ATTCUSTOMTYPE</Name><Value>bas:LONGVARCHAR</Value></Property><Property><Name>AttCollection</Name><Value>False</Value></Property></Properties>
			</Item>
			<Item guid="8ef6f850-f60e-4afa-bc47-cd48faa61032" name="GXComponentWeb" type="f76e9340-bdb9-445d-8f81-cfd4ddd0b0f3" description="GXComponentWeb" user="">
			  <Properties><Property><Name>Name</Name><Value>GXComponentWeb</Value></Property><Property><Name>ATTCUSTOMTYPE</Name><Value>bas:LONGVARCHAR</Value></Property><Property><Name>AttCollection</Name><Value>False</Value></Property></Properties>
			</Item>
			<Item guid="3ec20857-61eb-4338-95f5-2632c92e8785" name="GXComponentSD" type="f76e9340-bdb9-445d-8f81-cfd4ddd0b0f3" description="GXComponentSD" user="">
			  <Properties><Property><Name>Name</Name><Value>GXComponentSD</Value></Property><Property><Name>ATTCUSTOMTYPE</Name><Value>bas:LONGVARCHAR</Value></Property><Property><Name>AttCollection</Name><Value>False</Value></Property></Properties>
			</Item>
			<Item guid="2521b6b6-2e51-4b67-972b-25b1e55aaac2" name="GXCallPanelSD" type="f76e9340-bdb9-445d-8f81-cfd4ddd0b0f3" description="GXCallPanelSD" user="">
			  <Properties><Property><Name>Name</Name><Value>GXCallPanelSD</Value></Property><Property><Name>ATTCUSTOMTYPE</Name><Value>bas:LONGVARCHAR</Value></Property><Property><Name>AttCollection</Name><Value>False</Value></Property></Properties>
			</Item>
			<Item guid="fadf7430-6716-4feb-993a-822090f3b516" name="GREETINGS_OK" type="f76e9340-bdb9-445d-8f81-cfd4ddd0b0f3" description="GREETINGS_OK" user="">
			  <Properties><Property><Name>Name</Name><Value>GREETINGS_OK</Value></Property><Property><Name>ATTCUSTOMTYPE</Name><Value>bas:LONGVARCHAR</Value></Property><Property><Name>AttCollection</Name><Value>False</Value></Property></Properties>
			</Item>
			<Item guid="27eb3ebd-6d3f-4a58-aba6-e219752ba956" name="HELLOWORLD_OK" type="f76e9340-bdb9-445d-8f81-cfd4ddd0b0f3" description="HELLOWORLD_OK" user="">
			  <Properties><Property><Name>Name</Name><Value>HELLOWORLD_OK</Value></Property><Property><Name>ATTCUSTOMTYPE</Name><Value>bas:LONGVARCHAR</Value></Property><Property><Name>AttCollection</Name><Value>False</Value></Property></Properties>
			</Item>
			</Level>
          </Level>
        <Properties><Property><Name>IsDefault</Name><Value>False</Value></Property></Properties>
      </Part>
      <Part type="babf62c5-0111-49e9-a1c3-cc004d90900a">
        <Properties />
      </Part>
      <Properties><Property><Name>Name</Name><Value>Context</Value></Property><Property><Name>IsGeneratedObject</Name><Value>True</Value></Property><Property><Name>Description</Name><Value /></Property><Property><Name>IsDefault</Name><Value>False</Value></Property></Properties>
    </Object>
  </Objects>
  <Dependencies>
	<Reference Package="3ea7e1c6-b849-4df9-931a-070171a8a2f0" Type="Object" Id="c163e562-42c6-4158-ad83-5b21a14cf30e">
      <Properties Name="External Object" PackageName="GenexusBL" />
    </Reference>
    <Reference Package="3ea7e1c6-b849-4df9-931a-070171a8a2f0" Type="Object" Id="c9584656-94b6-4ccd-890f-332d11fc2c25">
      <Properties Name="Web Panel" PackageName="GenexusBL" />
    </Reference>
    <Reference Package="3ea7e1c6-b849-4df9-931a-070171a8a2f0" Type="Part" Id="d24a58ad-57ba-41b7-9e6e-eaca3543c778">
      <Properties Name="Web Form" PackageName="GenexusBL" />
    </Reference>
    <Reference Package="3ea7e1c6-b849-4df9-931a-070171a8a2f0" Type="Part" Id="9b0a32a3-de6d-4be1-a4dd-1b85d3741534">
      <Properties Name="Rules" PackageName="GenexusBL" />
    </Reference>
    <Reference Package="3ea7e1c6-b849-4df9-931a-070171a8a2f0" Type="Part" Id="c44bd5ff-f918-415b-98e6-aca44fed84fa">
      <Properties Name="Events" PackageName="GenexusBL" />
    </Reference>
    <Reference Package="3ea7e1c6-b849-4df9-931a-070171a8a2f0" Type="Part" Id="763f0d8b-d8ac-4db4-8dd4-de8979f2b5b9">
      <Properties Name="Conditions" PackageName="GenexusBL" />
    </Reference>
    <Reference Package="3ea7e1c6-b849-4df9-931a-070171a8a2f0" Type="Part" Id="e4c4ade7-53f0-4a56-bdfd-843735b66f47">
      <Properties Name="Variables" PackageName="GenexusBL" />
    </Reference>
    <Reference Package="3ea7e1c6-b849-4df9-931a-070171a8a2f0" Type="Part" Id="ad3ca970-19d0-44e1-a7b7-db05556e820c">
      <Properties Name="Help" PackageName="GenexusBL" />
    </Reference>
    <Reference Package="3ea7e1c6-b849-4df9-931a-070171a8a2f0" Type="Part" Id="babf62c5-0111-49e9-a1c3-cc004d90900a">
      <Properties Name="Documentation" PackageName="GenexusBL" />
    </Reference>
    <Reference Package="3ea7e1c6-b849-4df9-931a-070171a8a2f0" Type="Object" Id="447527b5-9210-4523-898b-5dccb17be60a">
      <Properties Name="Structured Data Type" PackageName="GenexusBL" />
    </Reference>
    <Reference Package="3ea7e1c6-b849-4df9-931a-070171a8a2f0" Type="Part" Id="5c2aa9da-8fc4-4b6b-ae02-8db4fa48976a">
      <Properties Name="Structure" PackageName="GenexusBL" />
    </Reference>
  </Dependencies>
  <ObjectsIdentityMapping>
   <ObjectIdentity Type="00000000-0000-0000-0000-000000000008" Name="Common" parent="">
      <Guid>462c98e7-21bc-4e28-b96a-bbeef10701eb</Guid>
    </ObjectIdentity>
    <ObjectIdentity Type="84a12160-f59b-4ad7-a683-ea4481ac23e9" Name="ChatBotWatson" parent="">
      <Guid>55d519f4-00ec-435a-b851-ab0e5dac79a3</Guid>
    </ObjectIdentity>
    <ObjectIdentity Type="00000000-0000-0000-0000-000000000008" Name="CHATBOOTChatbot" parent="">
      <Guid>c426fb47-7609-4115-a777-91fedf19f720</Guid>
    </ObjectIdentity>
    <ObjectIdentity Type="c804fdbd-7c0b-440d-8527-4316c92649a6" Name="Carmine" parent="">
      <Guid>c3d9279b-69fb-4f4a-920e-62a13a536d87</Guid>
    </ObjectIdentity>
    <ObjectIdentity Type="c9584656-94b6-4ccd-890f-332d11fc2c25" Name="RwdMasterPage" parent="">
      <Guid>db065b00-da5c-4e48-b5ad-2066d2251139</Guid>
    </ObjectIdentity>
    <ObjectIdentity Type="00000000-0000-0000-0000-000000000008" Name="Web" parent="">
      <Guid>a676350a-d3a1-4850-9f51-4cef8688b224</Guid>
    </ObjectIdentity>
    <ObjectIdentity Type="00000000-0000-0000-0000-000000000008" Name="GeneXus" parent="">
      <Guid>f3365d5c-c45f-46b4-ae99-66123fcdb5b6</Guid>
    </ObjectIdentity>
    <ObjectIdentity Type="ecececec-dfe0-4a57-ae8f-c6e31b0dcbc0" Name="Default" parent="">
      <Guid>49ec9d0d-4261-44f3-b40a-eb85515529bb</Guid>
    </ObjectIdentity>
    <ObjectIdentity Type="d4876646-98dd-419b-8c1c-896f83c48368" Name="Form" parent="">
      <Guid>d5ef9926-a55b-5eb1-ac93-2211cfeeb656</Guid>
    </ObjectIdentity>
    <ObjectIdentity Type="d4876646-98dd-419b-8c1c-896f83c48368" Name="Attribute" parent="">
      <Guid>7f83da99-bc71-5230-bf17-0352ce27c129</Guid>
    </ObjectIdentity>
    <ObjectIdentity Type="d4876646-98dd-419b-8c1c-896f83c48368" Name="Button" parent="">
      <Guid>abd2de3e-1c96-5681-b52b-bbe33c0dca49</Guid>
    </ObjectIdentity>
    <ObjectIdentity Type="d4876646-98dd-419b-8c1c-896f83c48368" Name="Grid" parent="">
      <Guid>e4351147-2c00-5e86-a86c-1b1683dce3d8</Guid>
    </ObjectIdentity>
    <ObjectIdentity Type="d4876646-98dd-419b-8c1c-896f83c48368" Name="Table" parent="">
      <Guid>784008a4-3c1e-563a-9723-453ef4d698c9</Guid>
    </ObjectIdentity>
    <ObjectIdentity Type="d4876646-98dd-419b-8c1c-896f83c48368" Name="Section" parent="">
      <Guid>3c52635e-dc92-5738-9e3c-9d15ea5a3694</Guid>
    </ObjectIdentity>
  </ObjectsIdentityMapping>
</ExportFile>