
<Object>
<ObjClsGuid>c9584656-94b6-4ccd-890f-332d11fc2c25</ObjClsGuid>
<ObjCls>13</ObjCls>
<ObjId>4</ObjId>
<ObjName>RwdMasterPage</ObjName>
<ObjStatus>genreq</ObjStatus>
<ObjNavig>GXSPC002\GEN15\NVG\RwdMasterPage.xml</ObjNavig></Object>
<Object>
<ObjClsGuid>c9584656-94b6-4ccd-890f-332d11fc2c25</ObjClsGuid>
<ObjCls>13</ObjCls>
<ObjId>6</ObjId>
<ObjName>RwdPromptMasterPage</ObjName>
<ObjStatus>genreq</ObjStatus>
<ObjNavig>GXSPC002\GEN15\NVG\RwdPromptMasterPage.xml</ObjNavig></Object>
<Object>
<ObjClsGuid>c9584656-94b6-4ccd-890f-332d11fc2c25</ObjClsGuid>
<ObjCls>13</ObjCls>
<ObjId>7</ObjId>
<ObjName>Web2</ObjName>
<ObjStatus>genreq</ObjStatus>
<ObjNavig>GXSPC002\GEN15\NVG\Web2.xml</ObjNavig></Object>
<Object>
<ObjClsGuid>c9584656-94b6-4ccd-890f-332d11fc2c25</ObjClsGuid>
<ObjCls>13</ObjCls>
<ObjId>2</ObjId>
<ObjName>RecentLinks</ObjName>
<ObjStatus>specfailed</ObjStatus>
<ObjNavig>GXSPC002\GEN15\NVG\RecentLinks.xml</ObjNavig></Object>
<Object>
<ObjClsGuid>c9584656-94b6-4ccd-890f-332d11fc2c25</ObjClsGuid>
<ObjCls>13</ObjCls>
<ObjId>3</ObjId>
<ObjName>PromptMasterPage</ObjName>
<ObjStatus>genreq</ObjStatus>
<ObjNavig>GXSPC002\GEN15\NVG\PromptMasterPage.xml</ObjNavig></Object>
<Object>
<ObjClsGuid>c9584656-94b6-4ccd-890f-332d11fc2c25</ObjClsGuid>
<ObjCls>13</ObjCls>
<ObjId>5</ObjId>
<ObjName>RwdRecentLinks</ObjName>
<ObjStatus>specfailed</ObjStatus>
<ObjNavig>GXSPC002\GEN15\NVG\RwdRecentLinks.xml</ObjNavig></Object>
<Object>
<ObjClsGuid>c9584656-94b6-4ccd-890f-332d11fc2c25</ObjClsGuid>
<ObjCls>13</ObjCls>
<ObjId>1</ObjId>
<ObjName>AppMasterPage</ObjName>
<ObjStatus>genreq</ObjStatus>
<ObjNavig>GXSPC002\GEN15\NVG\AppMasterPage.xml</ObjNavig></Object>